,Feature Importance,Category
Size (in²),0.6689502736990477,Size (in²)
David Komander,0.015916995354150327,Artist
Photorealism,0.013757152507891512,Styles
Kris Gebhardt,0.012916905700501368,Artist
Cubism,0.010378099177744524,Styles
Oil,0.009505496644156257,Mediums
Christian Hetzel,0.008578546238450164,Artist
Fine Art,0.008032542271378063,Styles
Acrylic,0.007988324860356359,Mediums
Figurative,0.007617431154008239,Styles
Modern,0.007576093416006977,Styles
Conceptual,0.007418901223296375,Styles
Abstract Expressionism,0.007350461930416516,Styles
Expressionism,0.006457432204409268,Styles
Abstract,0.006085086153531602,Subjects
Iarca Gallery,0.005765572100595768,Artist
Tullio Mesi,0.005558000306088596,Artist
Eduard Zentsik,0.005304640693546121,Artist
Surrealism,0.005299748171807248,Styles
M C Photography ,0.005264968524427423,Artist
Other,0.0051280154780690545,Materials
Pop Art,0.004831235009161552,Styles
GABRIELE  KOCH,0.004591525560204333,Artist
Realism,0.004485388649467695,Styles
Minimalism,0.004413784740299533,Styles
Vincent Vee,0.004177998730754744,Artist
Wood,0.004152136286270942,Materials
Digital,0.0039780652406062,Mediums
Portraiture,0.0036614427537610132,Styles
Gesso,0.0035051668811345786,Mediums
Portrait,0.0034643282143112064,Subjects
Contemporary,0.0034209014664247526,Styles
Nature,0.003335573967725381,Subjects
Michelle Yap,0.003156485300311618,Artist
Impressionism,0.0030937555904983318,Styles
Mikołaj Obrycki,0.002929833773145668,Artist
Paint,0.002915032838519587,Mediums
Harry Moody,0.0029149171957863827,Artist
Street Art,0.0028303913081517266,Styles
People,0.0027859018854854063,Subjects
Peter Vahlefeld,0.002735160620458517,Artist
Spray Paint,0.002732477492576148,Mediums
Color,0.002718647659197036,Mediums
Landscape,0.0026888096953832114,Subjects
Newel Hunter,0.0026669617302151477,Artist
Art Deco,0.002454199845862889,Styles
Jolanda Richter,0.0023044023210268515,Artist
Berry Kim,0.002279525606436415,Artist
Body,0.0022096481215597664,Subjects
Ink,0.0020661994162231713,Mediums
HyunRyoung Kim,0.0019353600594402595,Artist
Milan Terzic,0.0017757395304271615,Artist
Luca Brandi,0.0017662449647118405,Artist
Nestor Toro,0.0017456605141613572,Artist
Michele Rizzi,0.0016665342261941631,Artist
Hanna Milevska,0.0015773332927850596,Artist
Vicky Barranguet,0.0013949489719013958,Artist
Shelton Walsmith,0.0013871930863231022,Artist
Seascape,0.0013308327193473992,Subjects
Women,0.0013019499085489788,Subjects
Paper,0.0012677599003262292,Materials
Charcoal,0.0012349871651569052,Mediums
Koen Lybaert,0.0012304666383741781,Artist
Documentary,0.0011625212269741534,Styles
Pastel,0.0011050766602776613,Mediums
Jessica Muller,0.0010949151856491533,Artist
Olivier Messas,0.0010692354378945947,Artist
Architecture,0.0010246280867582972,Subjects
Animal,0.0009544114115087039,Subjects
Carla Sa Fernandes,0.0009029341265606534,Artist
Nude,0.000888547484048817,Subjects
Andrea Guarniero,0.0008875961527126441,Artist
Illustration,0.0008827289531299135,Styles
Enamel,0.0008422070457366406,Mediums
Geometric,0.0008360570691771356,Subjects
Kaoru Shibuta,0.000802135672813831,Artist
Mario Henrique,0.0007915733893134533,Artist
Muriel napoli,0.0007912412127984237,Artist
Stephane Villafane,0.0007899321975984911,Artist
Vadim Puyandaev,0.0007636470514566188,Artist
Marat Cherny,0.0007537082035268448,Artist
Pencil,0.0007530669678754473,Mediums
Lilia Orlova-Holmes,0.000723707998193376,Artist
Detlef Gotzens,0.0007215962991451912,Artist
Watercolor,0.0007184664375898841,Mediums
Brad Bealmear,0.0007060238172762411,Artist
Graphite,0.0006864589530122077,Mediums
Folk,0.0006572288978252412,Styles
Kenny Nguyen,0.0006400117268676701,Artist
Heather Blanton,0.0006222848263193214,Artist
Rodrigue Semabia,0.0006205683814451434,Artist
Laurence Friedlander,0.000608378138169104,Artist
Matthew Dibble,0.0005667954183824577,Artist
Daniel Bautista,0.000557215237714658,Artist
Christian Kabuß,0.0005565536389018522,Artist
New Media,0.0005524966440617235,Mediums
Floral,0.0005521715404968661,Subjects
Campbell La Pun,0.0005483718801795979,Artist
Beach,0.0005360201130521488,Subjects
Paslier Morgan,0.0005178463447436992,Artist
Micheal Haran,0.0004976026909919777,Artist
Peter Nottrott,0.0004956575997253202,Artist
Kevin Jones,0.0004952143622247115,Artist
Cotton,0.0004866717307903548,Materials
Michael Rich,0.0004833343572276621,Artist
Juliet Vles,0.00047989991157380304,Artist
Rafal Chojnowski,0.0004694261934889284,Artist
Fabric),0.0004655800970957716,Materials
Botanic,0.00046012970114076116,
Jaime Domínguez,0.00043139895635825495,Artist
Taeil Kim,0.0004285077519979535,Artist
Niki Hare,0.0004282693533545412,Artist
Phung Wang,0.00041693719137281797,Artist
Savvy Rick Brown,0.0004141553830431501,Artist
Barron Holland,0.00040454931786819133,Artist
Mike Bennett,0.00039767003537358766,Artist
Still Life,0.00036750411917623664,Subjects
Misako Chida,0.00036516733325187055,Artist
Derek Dickinson,0.00035079224323766465,Artist
Gouache,0.0003479760113367947,Mediums
Annabel Andrews,0.00032829304239900023,Artist
Cities,0.00032767805831648475,Subjects
Maxim Fomenko,0.0003260412207222028,Artist
JLoren Reedy,0.0003242322001989885,Artist
John Lijo Bluefish,0.0003175117910318434,Artist
Dada,0.00031648166224131633,Styles
Dusa Jesih,0.0003040847209814764,Artist
Tomoya Nakano,0.00029892919472442525,Artist
Colin McCallum,0.000296873657911115,Artist
Carol McDermott,0.00029445401256683807,Artist
Ron Halfant,0.00027592814916901014,Artist
Rudolf Kosow,0.000271260235955911,Artist
Pamela Staker,0.00026210450331528955,Artist
Cardboard,0.0002464462970011081,Materials
Helen Collingborn,0.00023604829140945542,Artist
VICTO ARTIST,0.00023082315148303508,Artist
Marker,0.0002307209109234505,Mediums
Rashna Hackett,0.0002291521338751262,Artist
János Huszti,0.00022508915076725267,Artist
Vahe Yeremyan,0.00022144264114834787,Artist
Rudi Cotroneo,0.00021529218190025962,Artist
Nazar Symotiuk,0.00021500434637407916,Artist
Claus Gawin,0.00020892341334438679,Artist
Mykola Kozlovskyi,0.00020104953401844244,Artist
Leo Wijnhoven,0.00020039688458640685,Artist
Yeachin Tsai,0.00019704037033839962,Artist
jean-humbert savoldelli,0.0001937099636806345,Artist
Robert H N Rich Niesse,0.00019175526979112967,Artist
Yuet-Lam Tsang,0.0001890624044137024,Artist
S A R I T A Nanni,0.00018723246768559063,Artist
Manipulated,0.00018310822119879972,Mediums
Heurlier Cimolai Frėdėric,0.00017796017765001534,Artist
Tijana Bjelajac,0.0001771785322984849,Artist
Cat Tesla,0.00017445971690582295,Artist
Chuck Hipsher,0.0001741827217291991,Artist
Chin h Shin,0.0001545883805219669,Artist
Arun Prem,0.0001522496883982178,Artist
Marek Hospodarsky,0.0001520658579907286,Artist
GyoBeom An,0.0001471248820606782,Artist
Michelle Louis,0.0001440250559089501,Artist
Peggy Lee,0.0001381533080428056,Artist
Max de Winter,0.00013693749489781848,Artist
Miss Aniela,0.00013607320306135534,Artist
Mary Jo McGonagle,0.0001306389655684567,Artist
Gábor Szűcs,0.0001289176629120136,Artist
Yana Chernobrovkinа,0.0001256880641238611,Artist
Pava Wülfert,0.00012414587108537423,Artist
Lina Karam,0.00012247858215832217,Artist
Adam Collier Noel,0.00012152655204486306,Artist
ANDREA PALLANG,0.00012093623518511008,Artist
Hyeran Lee,0.00012057138084412433,Artist
Sharon Pierce McCullough,0.00012055572072908815,Artist
Photo,0.00011651190671143182,Mediums
Giada Bellini,0.00011544102237828154,Artist
Manuela Karin Knaut,0.00011327829693710848,Artist
H Wesley Wheeler,0.00011197272077578391,Artist
Yuliya Martynova,0.00011191676700049856,Artist
Aleksandr Ilichev,0.00011169410451515118,Artist
Paresh Nrshinga,0.00011153020396211132,Artist
Jim Ford,0.00010462516906161719,Artist
Lydia Lee,0.00010169847940679784,Artist
Andrey Bogoslowsky,0.00010128340588639142,Artist
Eun-Hye Seo,0.0001008490652993637,Artist
Heidi Thompson,0.00010038547314472415,Artist
Frederic Belaubre,9.927076828378093e-05,Artist
Sumit Mehndiratta,9.658892940184646e-05,Artist
Alissa Kim Tjen,9.632350482826844e-05,Artist
Linda Sgoluppi,9.45505947138788e-05,Artist
Andrea de Ranieri,9.418540278218644e-05,Artist
Vasyl Kolodiy,9.291692714051391e-05,Artist
Lisa Carney,8.793153216170879e-05,Artist
Buhle Nkalashe,8.7074135491577e-05,Artist
Ieva Baklane,8.536848670136756e-05,Artist
Gisela Gaffoglio,8.05493559011521e-05,Artist
Cheolhee Lim,7.991099613749165e-05,Artist
Priyanka Tayal,7.971571395820022e-05,Artist
Beate Garding Schubert,7.955148746555937e-05,Artist
Goran Petmil,7.912424241846103e-05,Artist
Marc Chicoine,7.676136407427122e-05,Artist
Ana Dévora,7.177761180102918e-05,Artist
Todd Clark,7.154652620152596e-05,Artist
Giorgio Basfi,7.10590269853648e-05,Artist
David Antonides,7.088323004546784e-05,Artist
Paula Craioveanu,7.078612517295849e-05,Artist
Igor Shulman,7.05697377309035e-05,Artist
Dee Stanford,7.021812180782112e-05,Artist
Kim Byungkwan,6.987870001807465e-05,Artist
Anthony Rowsell,6.784285467332717e-05,Artist
Francesco  D'Adamo,6.7668888441465e-05,Artist
Domenico Antonio Frassineti,6.697771999326074e-05,Artist
Bridie OBrien,6.679276678711653e-05,Artist
Claire Desjardins,6.656587775536055e-05,Artist
Thomas Saliot,6.612807669178304e-05,Artist
Grażyna Smalej,6.451071164745019e-05,Artist
Anna McNeil,6.375410188320418e-05,Artist
Kay Becker,6.276558225762841e-05,Artist
Patty Neal,6.224394866225995e-05,Artist
YVONN ZUBAK,6.193952293917875e-05,Artist
Michael Cutlip,6.18937344393397e-05,Artist
Sophie Dumont,5.9224327697536696e-05,Artist
David Udoff,5.885341018139798e-05,Artist
Ronald Hunter,5.718717272675612e-05,Artist
Canvas,5.650077894753277e-05,Materials
Carolina Alotus,5.615173253006451e-05,Artist
cecilia frigati,5.604934643862215e-05,Artist
Bach Nguyen,5.542001470563637e-05,Artist
Emily STARCK,5.408374761321845e-05,Artist
Zoe Lunar,5.382595284896938e-05,Artist
Christian Bahr,5.289184768272954e-05,Artist
FINTAN WHELAN,5.155172229466591e-05,Artist
Hennie van de Lande,5.15109971222649e-05,Artist
Hyunah Kim,4.965888673877616e-05,Artist
David Shanahan,4.745442764495947e-05,Artist
Catia Goffinet,4.6757630455590084e-05,Artist
Michelle Hold,4.615544007594373e-05,Artist
Raúl Lara,4.5919123937822765e-05,Artist
Kevin Gray,4.570058119990264e-05,Artist
DOMINAULT EVELYNE,4.54777308225007e-05,Artist
Wilfrid Moizan,4.472726169241869e-05,Artist
MARIA BACHA,4.4610205698433514e-05,Artist
Carlisle Bell,4.4419356812840446e-05,Artist
Tanja Vetter,4.3790967914277034e-05,Artist
Kind of Cyan,4.335709163066359e-05,Artist
Larry Hill,4.2927367590854054e-05,Artist
Czar Catstick,4.223503946119599e-05,Artist
Frederick Hurd,4.188807670393739e-05,Artist
Cécile van Hanja,4.155342837397311e-05,Artist
Tim Fawcett,4.144040675890152e-05,Artist
Marta Zawadzka,4.140945612496191e-05,Artist
Kos Cos,4.1236872495486934e-05,Artist
Mercedes Lagunas,4.0060075805503306e-05,Artist
Luc Andrieux,3.9817496962253794e-05,Artist
Suzanne Vaughan,3.8545593090678163e-05,Artist
Kinga Sokol,3.8193288688013156e-05,Artist
Don Bishop,3.816803553051308e-05,Artist
Brandon Dudley,3.808948847297339e-05,Artist
Ian McLean,3.778363902995512e-05,Artist
Jared Hendler,3.718798730850277e-05,Artist
Daniela Schweinsberg,3.616265213018269e-05,Artist
IneLouise Mourick,3.5973619584986164e-05,Artist
Trevisan Carlo,3.5649121646162595e-05,Artist
Hikaru O,3.453397315653856e-05,Artist
Sophia Oshodin,3.438261514512713e-05,Artist
Radek Smach,3.427852887905709e-05,Artist
Hai Linh Le,3.426060279739502e-05,Artist
Madalena Lobko-Zampassi,3.398412231475596e-05,Artist
Robert Gheyssens,3.389115708478166e-05,Artist
Gyula Sági,3.366137901739754e-05,Artist
Guido Mauas,3.206037558292473e-05,Artist
Gavin Zeigler,3.169256767190161e-05,Artist
Krisztián Tejfel,3.110915589136247e-05,Artist
Andy Shaw,3.0674397814572026e-05,Artist
Stefan Doru Moscu,3.030841872626103e-05,Artist
Morris T Howard,3.007628844692827e-05,Artist
stephen cimini,3.0026121689545505e-05,Artist
Christian Gastaldi,3.0008230763378676e-05,Artist
Astrid Stoeppel,2.984278956079471e-05,Artist
Dawn Beckles,2.9515236175105478e-05,Artist
Karoline Kroiß,2.9319010197462607e-05,Artist
louise camrass,2.9223772817115967e-05,Artist
marina del pozo,2.9168804132059164e-05,Artist
Josh M G Yates,2.8584150474587556e-05,Artist
Sharon Mayhew,2.8002621681239966e-05,Artist
Tommy Lennartsson,2.7404622127250067e-05,Artist
Alessandra B-B,2.717496417413555e-05,Artist
yossi kotler,2.714817819448908e-05,Artist
Elham Etemadi,2.67108081705747e-05,Artist
Brendon Mogg,2.64657846890465e-05,Artist
Marina Nelson,2.636361226752351e-05,Artist
Darla McKenna,2.586134323611402e-05,Artist
Vorona Ecaterina,2.5213186400624733e-05,Artist
Elyce Abrams,2.484340663811749e-05,Artist
Peter de Boer,2.4700267650814452e-05,Artist
Ute Laum,2.425962626128258e-05,Artist
Dinara Omarova,2.4135532052209644e-05,Artist
Robert Bubel,2.409555385834529e-05,Artist
Tatiana Iliina,2.380946568923637e-05,Artist
Marijah Bac Cam,2.3672742459062173e-05,Artist
Jenny Toft,2.3518714156208197e-05,Artist
Naomi Yuki,2.3419432843031634e-05,Artist
Andris Walds,2.2739088227329102e-05,Artist
Tandafa Art,2.2283417510754932e-05,Artist
Andrada Anghel,2.2188199974233256e-05,Artist
Catherine Denvir,2.215923705263589e-05,Artist
Bridget Griggs,2.1801556505364198e-05,Artist
Simon Hopkinson,2.153539384915159e-05,Artist
Heather Goodwind,2.136382704660171e-05,Artist
Ivonne Portillo,2.1197674405374452e-05,Artist
josie gallagher,2.1116577842085093e-05,Artist
Marco Ortolan,2.0612210880123536e-05,Artist
Karolina Zglobicka,2.0522607531466125e-05,Artist
Irina Laube,2.0476815959316236e-05,Artist
Victor Tkachenko,2.040777526700629e-05,Artist
Félix Hemme,2.0031655470571743e-05,Artist
Kelly Puissegur,1.999375274975566e-05,Artist
Paul Chang,1.96958761725468e-05,Artist
Tomasz Cichowski,1.95949618048686e-05,Artist
Micheal Jones,1.921596363375957e-05,Artist
Sandra Brugger,1.8640852673305855e-05,Artist
Dane Shue,1.8549799022864405e-05,Artist
Vector,1.8278474021693537e-05,Mediums
LOUI JOVER,1.7971107261124456e-05,Artist
Sander Steins,1.7961470037747612e-05,Artist
Sara Sandler,1.740864678648504e-05,Artist
Anna Hymas,1.6889213555652844e-05,Artist
Katherine Baronet,1.678599898775531e-05,Artist
Katia Monaci,1.6669169711125787e-05,Artist
maha rukab,1.642399892207014e-05,Artist
Dario Moschetta,1.6335018791418022e-05,Artist
Eleni Pratsi,1.6166484828662014e-05,Artist
Chantal Proulx,1.60319525224662e-05,Artist
Chrystèle SAINT-AMAUX,1.5594219365087388e-05,Artist
Martina Niederhauser-Landtwing,1.5544825573016704e-05,Artist
Maria Folger,1.5505647904444222e-05,Artist
Yelena Revis,1.5490190918937675e-05,Artist
Mary Wagner,1.5428920430124363e-05,Artist
Scott Gieske,1.5399723898015258e-05,Artist
LN Le Cheviller,1.5378699613766873e-05,Artist
Jessica Matier,1.5032303210150726e-05,Artist
Maggie Deall,1.502387641393853e-05,Artist
Jacob Jugashvili,1.501501253831156e-05,Artist
Nancy Riedell,1.4919497044969042e-05,Artist
Franko Tencic,1.490015041740525e-05,Artist
Anna Sidi-Yacoub,1.4806763589004844e-05,Artist
Ziesook You,1.4785925584942913e-05,Artist
Novi Lim,1.4733169896849225e-05,Artist
Jim Harris,1.4656479130350875e-05,Artist
Alessio Mazzarulli,1.4581951295737448e-05,Artist
Preston M Smith PMS,1.442741185446097e-05,Artist
Pascal Marlin,1.3878517868355366e-05,Artist
motoko kamada,1.3858408580982105e-05,Artist
Pol Ledent,1.3820492151409934e-05,Artist
Marta Zamarska,1.3575682712940893e-05,Artist
Jayson Oliveria,1.3568343016454246e-05,Artist
Ursula Radel-Leszczynski,1.3177400796254596e-05,Artist
Narinart Armgallery,1.1976530863064127e-05,Artist
Yuna Chun,1.1944117154892334e-05,Artist
Stefanie Kirby,1.1822916943352828e-05,Artist
Jonas Fisch,1.1560498948419566e-05,Artist
Emilie Lagarde,1.1521772782238576e-05,Artist
Suren Nersisyan,1.1347929913360236e-05,Artist
Alec Cumming,1.1239988864016142e-05,Artist
Yuanyuan Liu,1.1208537957472344e-05,Artist
Fiona Maclean,1.113094626014913e-05,Artist
Heidi Lanino,1.0644772919281471e-05,Artist
Brad Nuorala,1.0534462052681441e-05,Artist
Ewa Matyja,1.0338699596167388e-05,Artist
Darren Thompson,1.0311690762835757e-05,Artist
Matthew Carter,1.0208429873657073e-05,Artist
Ihor Soloviov,1.017267906126075e-05,Artist
Naomi Middelmann,9.760180497524433e-06,Artist
Kat Crosby,9.735722060298027e-06,Artist
Soo Beng Lim,9.708575887552439e-06,Artist
Piotr Szczur,9.278070048332069e-06,Artist
Thea Peters,9.123505462048641e-06,Artist
Michelle Daisley Moffitt,8.41318770039361e-06,Artist
Jeroen Blok,8.310351378212829e-06,Artist
OSCAR ALVAREZ,8.178274491610448e-06,Artist
Alessandro Papari,8.145175091454699e-06,Artist
Christel Haag,8.136208723127296e-06,Artist
Marilina Marchica,8.10466208864907e-06,Artist
reinhard stammer,8.002431643577107e-06,Artist
Solomiia Karpinska,7.920099956739765e-06,Artist
Hilde Goossens,7.881301727884087e-06,Artist
Toni Silber-Delerive,7.737634342786765e-06,Artist
Stéphanie de Malherbe,7.702053059664618e-06,Artist
Nelly van Nieuwenhuijzen,6.460751161782596e-06,Artist
ARTSEEKER GALLERY,6.229407213710859e-06,Artist
Lali Torma,6.181703769818268e-06,Artist
David Galan,6.014734238322302e-06,Artist
Joyce Dunn,5.959611574420904e-06,Artist
Astrid Lans,5.947426480571368e-06,Artist
Julia Pinkham,5.885262539918225e-06,Artist
Mark Fearn,5.751719923843396e-06,Artist
The PandMe,5.414528633979902e-06,Artist
Andrew Weir,5.409582496817004e-06,Artist
Serguei Borodouline,5.338623891327708e-06,Artist
Laurence Blacklock-Whitehead,5.205948250659836e-06,Artist
Kat X,5.172516826578142e-06,Artist
Daniil Alikov,4.978980700965629e-06,Artist
Valérie LE MEUR,4.612288133110345e-06,Artist
Marcel Garbi,4.087337695758012e-06,Artist
Bruno Varatojo,4.046963628857348e-06,Artist
Bazévian DelaCapucinière,3.959659090319435e-06,Artist
Olga Gál,3.902762874403331e-06,Artist
jesús perea,3.820347939635752e-06,Artist
Patty Rodgers,3.795090480234244e-06,Artist
Fred Smilde,3.6410017577466272e-06,Artist
Cathy Noble,3.3880905308511364e-06,Artist
Margaret Baxter,3.3820688534790706e-06,Artist
Rosie Brown,3.2580621525540406e-06,Artist
Konrad Biro,3.053984117294698e-06,Artist
Albert K Libre,3.0444690232049165e-06,Artist
Susan Laughton,2.9110482806098107e-06,Artist
Veronika Cherednychenko,2.8513844876215728e-06,Artist
Elizabeth Becker,2.804040635775715e-06,Artist
Sondra Greenspan,2.8021538762779352e-06,Artist
Izabella Hornung,2.7601096199613853e-06,Artist
GINA COCHRAN,2.616993291083768e-06,Artist
Carmen Montero,2.2671936038855385e-06,Artist
Michael Pfleghaar,2.188472978620857e-06,Artist
Pat Kelley,2.166419287915532e-06,Artist
Deborah Stevenson,2.1467265723802873e-06,Artist
Jitka Anlaufova,2.087161646643933e-06,Artist
Lorette C Luzajic,1.8134419400726083e-06,Artist
Trayana Panayotova,1.8122986944173777e-06,Artist
Linda O'Neill,1.7400398929707778e-06,Artist
Tatyana Odegova-Nebogatykh,1.6669280735489997e-06,Artist
Armand Brac,1.638550981267895e-06,Artist
Ceren Tekin Karagoz,1.515168495662238e-06,Artist
Kazuhiro Higashi,1.4209657937976274e-06,Artist
karen clark,1.3924534478554775e-06,Artist
Suzsi Corio,1.3687876423142274e-06,Artist
Jason Wright,1.3399805875958223e-06,Artist
Karenina Fabrizzi,1.2661105903544781e-06,Artist
Naomi Vona,1.2327932501125414e-06,Artist
Andrei Rabodzeenko,1.228444658199099e-06,Artist
Rachelmauricio Castro,1.1351495408375515e-06,Artist
Mo Parkook,1.0316679718466742e-06,Artist
Dunja Jung,9.092556400781098e-07,Artist
Benedicte Gele,7.461618479661992e-07,Artist
Beate Tubach,7.395773268688282e-07,Artist
Ute Rathmann,7.310550992627435e-07,Artist
Inga Knysh,6.650933664352189e-07,Artist
david stanley,6.645874701078655e-07,Artist
Sherif Zohri,3.3220815980215405e-07,Artist
Ko byung jun,3.1216894732013924e-07,Artist
Robyn Dansie,2.9479287352049116e-07,Artist
SANTHOSH C H,2.5212950069211905e-07,Artist
Ali Herrmann,1.0687854103910095e-07,Artist
